ID,Description,setSize,enrichmentScore,NES,pvalue,p.adjust,qvalues,rank,leading_edge,core_enrichment
WP2292,Chemokine signaling pathway,156,-0.5072499078871641,-1.704168118007602,4.409092252171129e-5,0.006701820223300116,0.006497609634778506,2151,"tags=28%, list=14%, signal=24%",14702/26385/16963/12988/277360/15162/216869/12777/14710/14696/17969/320207/20304/210044/18751/22376/23832/22324/19395/18707/20295/18796/15945/12766/11513/14695/20302/14709/432530/94176/14191/12767/11512/12773/12765/24013/16428/19354/20299/12775/12458/12145/55985
WP1396,Non-odorant GPCRs,197,-0.45980501328743056,-1.594539986252739,4.1413145284418466e-4,0.03147399041615803,0.030514949156939922,1896,"tags=34%, list=13%, signal=30%",11552/19204/59289/84112/11555/14745/20607/76854/11542/14063/94226/12777/233571/22355/14527/26364/14371/242425/23832/99296/12614/12000/18168/242093/11609/15565/319239/387353/58182/15551/15465/65086/12766/18241/19228/74191/13611/71223/21336/21337/19222/21390/12767/213527/78826/12773/12062/14767/226304/57385/238377/12765/12672/381810/56696/213439/12802/110168/20608/12921/12775/18386/12458/12145/233081/108072
